{
    "table": [
      {
        "Grade": "P1",
        "Total": 1000,
  
        "Jan 24": 50,
        "Feb 24": 60,
        "Mar 24": 70,
        "Apr 24": 80,
        "May 24": 90,
        "Jun 24": 100,
        "Jul 24": 110,
        "Aug 24": 120,
        "Sep 24": 130,
        "Oct 24": 140,
        "Nov 24": 150,
        "Dec 24": 160
        
       
        
      },
      {
        "Grade": "P2A",
        "total": 2000,
  
        "Jan 24": 70,
        "Feb 24": 80,
        "Mar 24": 90,
        "Apr 24": 100,
        "May 24": 110,
        "Jun 24": 120,
        "Jul 24": 130,
        "Aug 24": 140,
        "Sep 24": 150,
        "Oct 24": 160,
        "Nov 24": 170,
        "Dec 24": 180
      },
      
      {
        "Grade": "P3",
        "total": 3000,
  
        "Jan 24": 90,
        "Feb 24": 100,
        "Mar 24": 110,
        "Apr 24": 120,
        "May 24": 130,
        "Jun 24": 140,
        "Jul 24": 150,
        "Aug 24": 160,
        "Sep 24": 170,
        "Oct 24": 180,
        "Nov 24": 190,
        "Dec 24": 200
      },
      {
        "Grade": "P4",
        "total": 3000,
  
        "Jan 24": 90,
        "Feb 24": 100,
        "Mar 24": 110,
        "Apr 24": 120,
        "May 24": 130,
        "Jun 24": 140,
        "Jul 24": 150,
        "Aug 24": 160,
        "Sep 24": 170,
        "Oct 24": 180,
        "Nov 24": 190,
        "Dec 24": 200
      },
      {
        "Grade": "P5 & Above",
        "total": 3000,
  
        "Jan 24": 90,
        "Feb 24": 100,
        "Mar 24": 110,
        "Apr 24": 120,
        "May 24": 130,
        "Jun 24": 140,
        "Jul 24": 150,
        "Aug 24": 160,
        "Sep 24": 170,
        "Oct 24": 180,
        "Nov 24": 190,
        "Dec 24": 200
      },
      {
        "Grade": "P1",
        "Total": 1000,
  
        "Jan 24": 50,
        "Feb 24": 60,
        "Mar 24": 70,
        "Apr 24": 80,
        "May 24": 90,
        "Jun 24": 100,
        "Jul 24": 110,
        "Aug 24": 120,
        "Sep 24": 130,
        "Oct 24": 140,
        "Nov 24": 150,
        "Dec 24": 160
      },
      {
        "Grade": "P2A",
        "total": 2000,
  
        "Jan 24": 70,
        "Feb 24": 80,
        "Mar 24": 90,
        "Apr 24": 100,
        "May 24": 110,
        "Jun 24": 120,
        "Jul 24": 130,
        "Aug 24": 140,
        "Sep 24": 150,
        "Oct 24": 160,
        "Nov 24": 170,
        "Dec 24": 180
      },
      
      {
        "Grade": "P3",
        "total": 3000,
  
        "Jan 24": 90,
        "Feb 24": 100,
        "Mar 24": 110,
        "Apr 24": 120,
        "May 24": 130,
        "Jun 24": 140,
        "Jul 24": 150,
        "Aug 24": 160,
        "Sep 24": 170,
        "Oct 24": 180,
        "Nov 24": 190,
        "Dec 24": 200
      },
      {
        "Grade": "P4",
        "total": 3000,
  
        "Jan 24": 90,
        "Feb 24": 100,
        "Mar 24": 110,
        "Apr 24": 120,
        "May 24": 130,
        "Jun 24": 140,
        "Jul 24": 150,
        "Aug 24": 160,
        "Sep 24": 170,
        "Oct 24": 180,
        "Nov 24": 190,
        "Dec 24": 200
      },
      {
        "Grade": "P5 & Above",
        "total": 3000,
  
        "Jan 24": 90,
        "Feb 24": 100,
        "Mar 24": 110,
        "Apr 24": 120,
        "May 24": 130,
        "Jun 24": 140,
        "Jul 24": 150,
        "Aug 24": 160,
        "Sep 24": 170,
        "Oct 24": 180,
        "Nov 24": 190,
        "Dec 24": 200
      }
    ]
  }
  